Source_ID,Nom,Methode,URL,Pays_Defaut,Secteur_Defaut,Type_Defaut,Active,Derniere_Collecte,Statut
UNDP-RAF,PNUD - avis de marches - toute l'Afrique,RSS,https://procurement-notices.undp.org/rss_feeds/RAF.xml,Afrique (multi-pays),,Appel d'offres,NON,,"Verifie le 2026-08-30 : 141 annonce(s) - volumineux, activez avec prudence. Livree inactive : flux tres volumineux, tous pays confondus. Activez-la si vous prospectez ce marche."
AFDB-EOI,BAD - avis a manifestation d'interet consultants,RSS,https://www.afdb.org/en/about-us/careers/current-vacancies/consultants/rss,Afrique (multi-pays),,AMI,NON,,"Verifie le 2026-09-02 : HTTP 403 sur TOUT le site, robots.txt compris. www.afdb.org est passe derriere un controle anti-robot Cloudflare (page Just a moment..., challenge JavaScript) : aucun client sans navigateur ne passe, quel que soit l'agent utilisateur, et la collecte sequentielle n'y change rien. Desactivee plutot que supprimee, et la methode RSS est conservee : le jour ou la BAD rouvre son site aux clients simples, il suffit de remettre OUI. A consulter a la main en attendant."
UNDP-ALL,PNUD - avis de marches - tous pays confondus,RSS,https://procurement-notices.undp.org/rss_feeds/rss.xml,International,,Appel d'offres,NON,,"Verifie le 2026-08-30 : 429 annonce(s) - volumineux, activez avec prudence. Livree inactive : flux tres volumineux, tous pays confondus. Activez-la si vous prospectez ce marche."
UNDP-BEN,PNUD - avis de marches - Benin,RSS,https://procurement-notices.undp.org/rss_feeds/BEN.xml,Benin,,Appel d'offres,OUI,,Verifie le 2026-08-30 : 1 annonce(s)
BJ-DNCMP,Marches Publics du Benin - appels d'offres,RSS,https://api.marches-publics.bj/v2/rss,Benin,,Appel d'offres,OUI,,"Verifie le 2026-09-02 : 46 annonces. Le portail www.marches-publics.bj est une application Angular, vide cote serveur, et le reste de son API repond 401 : le flux RSS est la SEULE porte publique. Il ne porte AUCUNE echeance - ouvrir le lien pour la date limite - et tous ses titres valent 'Appel d'Offre' : l'objet reel est dans la description, l'acheteur dans <author> (SBEE, ASIN, agences territoriales)."
UNDP-BKF,PNUD - avis de marches - Burkina Faso,RSS,https://procurement-notices.undp.org/rss_feeds/BKF.xml,Burkina Faso,,Appel d'offres,OUI,,Verifie le 2026-08-30 : 3 annonce(s)
UNDP-CVI,PNUD - avis de marches - Cap-Vert,RSS,https://procurement-notices.undp.org/rss_feeds/CVI.xml,Cap-Vert,,Appel d'offres,OUI,,Verifie le 2026-08-30 : 0 annonce(s)
UNDP-IVC,PNUD - avis de marches - Cote d'Ivoire,RSS,https://procurement-notices.undp.org/rss_feeds/IVC.xml,Cote d'Ivoire,,Appel d'offres,OUI,,Verifie le 2026-08-30 : 2 annonce(s)
UNDP-GAM,PNUD - avis de marches - Gambie,RSS,https://procurement-notices.undp.org/rss_feeds/GAM.xml,Gambie,,Appel d'offres,OUI,,Verifie le 2026-08-30 : 4 annonce(s)
UNDP-GHA,PNUD - avis de marches - Ghana,RSS,https://procurement-notices.undp.org/rss_feeds/GHA.xml,Ghana,,Appel d'offres,OUI,,Verifie le 2026-08-30 : 3 annonce(s)
UNDP-GUI,PNUD - avis de marches - Guinee,RSS,https://procurement-notices.undp.org/rss_feeds/GUI.xml,Guinee,,Appel d'offres,OUI,,Verifie le 2026-08-30 : 5 annonce(s)
UNDP-GBS,PNUD - avis de marches - Guinee-Bissau,RSS,https://procurement-notices.undp.org/rss_feeds/GBS.xml,Guinee-Bissau,,Appel d'offres,OUI,,Verifie le 2026-08-30 : 12 annonce(s)
UNDP-LIR,PNUD - avis de marches - Liberia,RSS,https://procurement-notices.undp.org/rss_feeds/LIR.xml,Liberia,,Appel d'offres,OUI,,Verifie le 2026-08-30 : 1 annonce(s)
UNDP-MLI,PNUD - avis de marches - Mali,RSS,https://procurement-notices.undp.org/rss_feeds/MLI.xml,Mali,,Appel d'offres,OUI,,Verifie le 2026-08-30 : 1 annonce(s)
UNDP-MAU,PNUD - avis de marches - Mauritanie,RSS,https://procurement-notices.undp.org/rss_feeds/MAU.xml,Mauritanie,,Appel d'offres,NON,,Verifie le 2026-08-30 : 2 annonce(s). Livree inactive : hors zone CEDEAO. Activez-la si vous prospectez ce marche.
UNDP-NER,PNUD - avis de marches - Niger,RSS,https://procurement-notices.undp.org/rss_feeds/NER.xml,Niger,,Appel d'offres,OUI,,Verifie le 2026-08-30 : 5 annonce(s)
UNDP-NIR,PNUD - avis de marches - Nigeria,RSS,https://procurement-notices.undp.org/rss_feeds/NIR.xml,Nigeria,,Appel d'offres,OUI,,Verifie le 2026-08-30 : 6 annonce(s)
UNDP-SEN,PNUD - avis de marches - Senegal,RSS,https://procurement-notices.undp.org/rss_feeds/SEN.xml,Senegal,,Appel d'offres,OUI,,Verifie le 2026-08-30 : 7 annonce(s)
UNDP-SIL,PNUD - avis de marches - Sierra Leone,RSS,https://procurement-notices.undp.org/rss_feeds/SIL.xml,Sierra Leone,,Appel d'offres,OUI,,Verifie le 2026-08-30 : 3 annonce(s)
UNDP-TOG,PNUD - avis de marches - Togo,RSS,https://procurement-notices.undp.org/rss_feeds/TOG.xml,Togo,,Appel d'offres,OUI,,Verifie le 2026-08-30 : 2 annonce(s)
UNDP-BDI,PNUD - avis de marches - Burundi,RSS,https://procurement-notices.undp.org/rss_feeds/BDI.xml,Burundi,,Appel d'offres,NON,,Verifie le 2026-08-30 : 2 annonce(s). Livree inactive : hors zone CEDEAO. Activez-la si vous prospectez ce marche.
UNDP-CMR,PNUD - avis de marches - Cameroun,RSS,https://procurement-notices.undp.org/rss_feeds/CMR.xml,Cameroun,,Appel d'offres,NON,,Verifie le 2026-08-30 : 2 annonce(s). Livree inactive : hors zone CEDEAO. Activez-la si vous prospectez ce marche.
UNDP-PRC,PNUD - avis de marches - Congo,RSS,https://procurement-notices.undp.org/rss_feeds/PRC.xml,Congo,,Appel d'offres,NON,,Verifie le 2026-08-30 : 2 annonce(s). Livree inactive : hors zone CEDEAO. Activez-la si vous prospectez ce marche.
UNDP-GAB,PNUD - avis de marches - Gabon,RSS,https://procurement-notices.undp.org/rss_feeds/GAB.xml,Gabon,,Appel d'offres,NON,,Verifie le 2026-08-30 : 1 annonce(s). Livree inactive : hors zone CEDEAO. Activez-la si vous prospectez ce marche.
UNDP-EQG,PNUD - avis de marches - Guinee equatoriale,RSS,https://procurement-notices.undp.org/rss_feeds/EQG.xml,Guinee equatoriale,,Appel d'offres,NON,,Verifie le 2026-08-30 : 2 annonce(s). Livree inactive : hors zone CEDEAO. Activez-la si vous prospectez ce marche.
UNDP-ZAI,PNUD - avis de marches - RDC,RSS,https://procurement-notices.undp.org/rss_feeds/ZAI.xml,RDC,,Appel d'offres,NON,,Verifie le 2026-08-30 : 3 annonce(s). Livree inactive : hors zone CEDEAO. Activez-la si vous prospectez ce marche.
UNDP-CAF,PNUD - avis de marches - Republique centrafricaine,RSS,https://procurement-notices.undp.org/rss_feeds/CAF.xml,Republique centrafricaine,,Appel d'offres,NON,,Verifie le 2026-08-30 : 3 annonce(s). Livree inactive : hors zone CEDEAO. Activez-la si vous prospectez ce marche.
UNDP-STP,PNUD - avis de marches - Sao Tome-et-Principe,RSS,https://procurement-notices.undp.org/rss_feeds/STP.xml,Sao Tome-et-Principe,,Appel d'offres,NON,,Verifie le 2026-08-30 : 2 annonce(s). Livree inactive : hors zone CEDEAO. Activez-la si vous prospectez ce marche.
UNDP-CHD,PNUD - avis de marches - Tchad,RSS,https://procurement-notices.undp.org/rss_feeds/CHD.xml,Tchad,,Appel d'offres,NON,,Verifie le 2026-08-30 : 8 annonce(s). Livree inactive : hors zone CEDEAO. Activez-la si vous prospectez ce marche.
UNDP-COI,PNUD - avis de marches - Comores,RSS,https://procurement-notices.undp.org/rss_feeds/COI.xml,Comores,,Appel d'offres,NON,,Verifie le 2026-08-30 : 0 annonce(s). Livree inactive : hors zone CEDEAO. Activez-la si vous prospectez ce marche.
UNDP-DJI,PNUD - avis de marches - Djibouti,RSS,https://procurement-notices.undp.org/rss_feeds/DJI.xml,Djibouti,,Appel d'offres,NON,,Verifie le 2026-08-30 : 1 annonce(s). Livree inactive : hors zone CEDEAO. Activez-la si vous prospectez ce marche.
UNDP-ERI,PNUD - avis de marches - Erythree,RSS,https://procurement-notices.undp.org/rss_feeds/ERI.xml,Erythree,,Appel d'offres,NON,,Verifie le 2026-08-30 : 0 annonce(s). Livree inactive : hors zone CEDEAO. Activez-la si vous prospectez ce marche.
UNDP-ETH,PNUD - avis de marches - Ethiopie,RSS,https://procurement-notices.undp.org/rss_feeds/ETH.xml,Ethiopie,,Appel d'offres,NON,,Verifie le 2026-08-30 : 8 annonce(s). Livree inactive : hors zone CEDEAO. Activez-la si vous prospectez ce marche.
UNDP-KEN,PNUD - avis de marches - Kenya,RSS,https://procurement-notices.undp.org/rss_feeds/KEN.xml,Kenya,,Appel d'offres,NON,,Verifie le 2026-08-30 : 0 annonce(s). Livree inactive : hors zone CEDEAO. Activez-la si vous prospectez ce marche.
UNDP-MAG,PNUD - avis de marches - Madagascar,RSS,https://procurement-notices.undp.org/rss_feeds/MAG.xml,Madagascar,,Appel d'offres,NON,,Verifie le 2026-08-30 : 14 annonce(s). Livree inactive : hors zone CEDEAO. Activez-la si vous prospectez ce marche.
UNDP-MAR,PNUD - avis de marches - Maurice,RSS,https://procurement-notices.undp.org/rss_feeds/MAR.xml,Maurice,,Appel d'offres,NON,,Verifie le 2026-08-30 : 2 annonce(s). Livree inactive : hors zone CEDEAO. Activez-la si vous prospectez ce marche.
UNDP-UGA,PNUD - avis de marches - Ouganda,RSS,https://procurement-notices.undp.org/rss_feeds/UGA.xml,Ouganda,,Appel d'offres,NON,,Verifie le 2026-08-30 : 3 annonce(s). Livree inactive : hors zone CEDEAO. Activez-la si vous prospectez ce marche.
UNDP-RWA,PNUD - avis de marches - Rwanda,RSS,https://procurement-notices.undp.org/rss_feeds/RWA.xml,Rwanda,,Appel d'offres,NON,,Verifie le 2026-08-30 : 3 annonce(s). Livree inactive : hors zone CEDEAO. Activez-la si vous prospectez ce marche.
UNDP-SEY,PNUD - avis de marches - Seychelles,RSS,https://procurement-notices.undp.org/rss_feeds/SEY.xml,Seychelles,,Appel d'offres,NON,,Verifie le 2026-08-30 : 0 annonce(s). Livree inactive : hors zone CEDEAO. Activez-la si vous prospectez ce marche.
UNDP-SOM,PNUD - avis de marches - Somalie,RSS,https://procurement-notices.undp.org/rss_feeds/SOM.xml,Somalie,,Appel d'offres,NON,,Verifie le 2026-08-30 : 3 annonce(s). Livree inactive : hors zone CEDEAO. Activez-la si vous prospectez ce marche.
UNDP-SUD,PNUD - avis de marches - Soudan,RSS,https://procurement-notices.undp.org/rss_feeds/SUD.xml,Soudan,,Appel d'offres,NON,,Verifie le 2026-08-30 : 1 annonce(s). Livree inactive : hors zone CEDEAO. Activez-la si vous prospectez ce marche.
UNDP-SSD,PNUD - avis de marches - Soudan du Sud,RSS,https://procurement-notices.undp.org/rss_feeds/SSD.xml,Soudan du Sud,,Appel d'offres,NON,,Verifie le 2026-08-30 : 4 annonce(s). Livree inactive : hors zone CEDEAO. Activez-la si vous prospectez ce marche.
UNDP-URT,PNUD - avis de marches - Tanzanie,RSS,https://procurement-notices.undp.org/rss_feeds/URT.xml,Tanzanie,,Appel d'offres,NON,,Verifie le 2026-08-30 : 2 annonce(s). Livree inactive : hors zone CEDEAO. Activez-la si vous prospectez ce marche.
UNDP-ALG,PNUD - avis de marches - Algerie,RSS,https://procurement-notices.undp.org/rss_feeds/ALG.xml,Algerie,,Appel d'offres,NON,,Verifie le 2026-08-30 : 2 annonce(s). Livree inactive : hors zone CEDEAO. Activez-la si vous prospectez ce marche.
UNDP-EGY,PNUD - avis de marches - Egypte,RSS,https://procurement-notices.undp.org/rss_feeds/EGY.xml,Egypte,,Appel d'offres,NON,,Verifie le 2026-08-30 : 2 annonce(s). Livree inactive : hors zone CEDEAO. Activez-la si vous prospectez ce marche.
UNDP-LIB,PNUD - avis de marches - Libye,RSS,https://procurement-notices.undp.org/rss_feeds/LIB.xml,Libye,,Appel d'offres,NON,,Verifie le 2026-08-30 : 5 annonce(s). Livree inactive : hors zone CEDEAO. Activez-la si vous prospectez ce marche.
UNDP-MOR,PNUD - avis de marches - Maroc,RSS,https://procurement-notices.undp.org/rss_feeds/MOR.xml,Maroc,,Appel d'offres,NON,,Verifie le 2026-08-30 : 3 annonce(s). Livree inactive : hors zone CEDEAO. Activez-la si vous prospectez ce marche.
UNDP-TUN,PNUD - avis de marches - Tunisie,RSS,https://procurement-notices.undp.org/rss_feeds/TUN.xml,Tunisie,,Appel d'offres,NON,,Verifie le 2026-08-30 : 21 annonce(s). Livree inactive : hors zone CEDEAO. Activez-la si vous prospectez ce marche.
UNDP-SAF,PNUD - avis de marches - Afrique du Sud,RSS,https://procurement-notices.undp.org/rss_feeds/SAF.xml,Afrique du Sud,,Appel d'offres,NON,,Verifie le 2026-08-30 : 1 annonce(s). Livree inactive : hors zone CEDEAO. Activez-la si vous prospectez ce marche.
UNDP-ANG,PNUD - avis de marches - Angola,RSS,https://procurement-notices.undp.org/rss_feeds/ANG.xml,Angola,,Appel d'offres,NON,,Verifie le 2026-08-30 : 0 annonce(s). Livree inactive : hors zone CEDEAO. Activez-la si vous prospectez ce marche.
UNDP-BOT,PNUD - avis de marches - Botswana,RSS,https://procurement-notices.undp.org/rss_feeds/BOT.xml,Botswana,,Appel d'offres,NON,,Verifie le 2026-08-30 : 1 annonce(s). Livree inactive : hors zone CEDEAO. Activez-la si vous prospectez ce marche.
UNDP-SWA,PNUD - avis de marches - Eswatini,RSS,https://procurement-notices.undp.org/rss_feeds/SWA.xml,Eswatini,,Appel d'offres,NON,,Verifie le 2026-08-30 : 3 annonce(s). Livree inactive : hors zone CEDEAO. Activez-la si vous prospectez ce marche.
UNDP-LES,PNUD - avis de marches - Lesotho,RSS,https://procurement-notices.undp.org/rss_feeds/LES.xml,Lesotho,,Appel d'offres,NON,,Verifie le 2026-08-30 : 3 annonce(s). Livree inactive : hors zone CEDEAO. Activez-la si vous prospectez ce marche.
UNDP-MLW,PNUD - avis de marches - Malawi,RSS,https://procurement-notices.undp.org/rss_feeds/MLW.xml,Malawi,,Appel d'offres,NON,,Verifie le 2026-08-30 : 1 annonce(s). Livree inactive : hors zone CEDEAO. Activez-la si vous prospectez ce marche.
UNDP-MOZ,PNUD - avis de marches - Mozambique,RSS,https://procurement-notices.undp.org/rss_feeds/MOZ.xml,Mozambique,,Appel d'offres,NON,,Verifie le 2026-08-30 : 6 annonce(s). Livree inactive : hors zone CEDEAO. Activez-la si vous prospectez ce marche.
UNDP-NAM,PNUD - avis de marches - Namibie,RSS,https://procurement-notices.undp.org/rss_feeds/NAM.xml,Namibie,,Appel d'offres,NON,,Verifie le 2026-08-30 : 1 annonce(s). Livree inactive : hors zone CEDEAO. Activez-la si vous prospectez ce marche.
UNDP-ZAM,PNUD - avis de marches - Zambie,RSS,https://procurement-notices.undp.org/rss_feeds/ZAM.xml,Zambie,,Appel d'offres,NON,,Verifie le 2026-08-30 : 3 annonce(s). Livree inactive : hors zone CEDEAO. Activez-la si vous prospectez ce marche.
UNDP-ZIM,PNUD - avis de marches - Zimbabwe,RSS,https://procurement-notices.undp.org/rss_feeds/ZIM.xml,Zimbabwe,,Appel d'offres,NON,,Verifie le 2026-08-30 : 4 annonce(s). Livree inactive : hors zone CEDEAO. Activez-la si vous prospectez ce marche.
BJ-GOUV,Portail national du Benin - marches publics,HTML:gouv.bj,https://www.gouv.bj/opportunites/marches-publics/,Benin,,Appel d'offres,OUI,,"Verifie le 2026-08-30 : 32 annonces, 19 avec echeance. Collecte HTML (pas de RSS) : peut casser si le site change."
AFDB-NOTICES,"BAD - avis de marches (EOI, AMI, SPN, GPN)",HTML:afdb.org,https://www.afdb.org/en/documents/project-related-procurement,Afrique (multi-pays),,AMI,NON,,"Verifie le 2026-09-02 : HTTP 403, meme cause que AFDB-EOI - controle anti-robot Cloudflare sur tout www.afdb.org. L'extraction HTML est conservee telle quelle, elle lisait 11 avis le 2026-08-31 : seule l'entree du site est fermee. A consulter a la main en attendant."
WB-BEN,Banque mondiale - avis de marches des projets au Benin,JSON:worldbank.org,https://search.worldbank.org/api/v2/procnotices?format=json&project_ctry_name=Benin&rows=100&srt=noticedate&order=desc,Benin,,,OUI,,"Verifie le 2026-08-31 : 2562 avis Benin au total ; 31 remontes par collecte apres retrait des marches deja attribues. API JSON publique : acheteur, type et echeance structures."
ENABEL-BEN,Enabel - marches publics au Benin,HTML:enabel.be,https://www.enabel.be/public-procurement/?in_country=850&is_status=all,Benin,,Appel d'offres,OUI,,"Verifie le 2026-09-02 : 10 marches publies, 1 seul ouvert (2204BEN-10373, cloture le 02/09/2026). La page n'a pas change : c'est le filtre is_status=0 du site qui ne rend plus rien depuis le 2026-09-02, il rendait les 10 avis le 2026-08-31. On demande donc is_status=all et c'est l'analyseur qui ecarte les marches Close - il le faisait deja. NE PAS basculer sur la page francaise /fr/marches-publics/ : ses etiquettes sont traduites (Pays, Date de cloture) et l'analyseur lit Country et Closing date."
ARMP-BJ,ARMP Benin - appels d'offres et AMI,HTML:armp.bj,https://armp.bj/category/actualites/appels-doffres/,Benin,Gouvernance et institutions,AMI,NON,,"Verifie le 2026-08-31 : 9 avis, le plus recent du 02/03/2026. L'ARMP publie 1 a 2 avis par an : inactive par defaut pour ne pas encombrer."
BJ-SBEE,SBEE - portail des marches (electricite),HTML:sbee.bj,https://marches-publics.sbee.bj/,Benin,Energie,Appel d'offres,OUI,,"Verifie le 2026-08-31 : 8 avis, tous dates. La source beninoise la plus complete : reference, type de marche, publication et date limite en clair."
BJ-SONEB,SONEB - marches publics (eau),HTML:soneb.bj,https://web.soneb.bj/marches-publics,Benin,Eau et assainissement,Appel d'offres,OUI,,"Verifie le 2026-08-31 : 30 avis, tous avec date de publication et de cloture. Table Drupal stable."
BJ-ABE,ABE - appels d'offres (environnement),HTML:abe.bj,https://www.abe.bj/appels-doffres/,Benin,Environnement et climat,Appel d'offres,OUI,,"Verifie le 2026-08-31 : 9 avis en premiere page (22 au total), 7 avec echeance. Les avis echus ne sont pas ecartes : l'ABE n'offre aucun filtre d'URL."
ARAA-CEDEAO,ARAA - marches (agriculture CEDEAO),HTML:araa.org,https://www.araa.org/fr/marches,Afrique de l'Ouest,Agriculture et agroalimentaire,Appel d'offres,OUI,,"Verifie le 2026-08-31 : 12 avis, tous avec echeance ISO. Attention : l'adresse /fr/opportunites renvoie 404, la liste est sur /fr/marches."
BCEAO-MP,BCEAO - marches publics UMOA,HTML:bceao.int,https://www.bceao.int/fr/appels-offres/appels-offres-marches-publics-achats,Afrique de l'Ouest,,Appel d'offres,OUI,,"Verifie le 2026-08-31 : 20 avis, tous dates. Couvre les huit pays de l'UMOA, pas seulement le Benin."
BJ-MCA,MCA-Benin Regional - actualites et avis,RSS,https://mcabeninreg.bj/feed/,Benin,Infrastructures et BTP,Appel d'offres,NON,,"Verifie le 2026-08-31 : flux MIXTE - 1 avis de marche sur 10 items, le reste est de l'actualite. Inactive par defaut : a activer pour la veille projet."
BJ-DEDRAS,DEDRAS-ONG - portail e-procurement,HTML:dedras.org,https://eprocurement.dedras.org/toutvoir,Benin,,Demande de cotation,OUI,,"Verifie le 2026-08-31 : 98 avis, tous avec type, date de publication et limite de depot. ONG locale : demandes de cotation et AMI que les grands agregateurs ne couvrent pas."
AFD-APPELS,AFD - appels a projets,HTML:afd.fr,https://www.afd.fr/fr/appels-a-projets/liste?status%5Bongoing%5D=ongoing&status%5Bsoon%5D=soon,International,,Appel a projets,OUI,,Verifie le 2026-08-31 : 2 appels ouverts. Volume faible mais bailleur majeur. Les deux dates sont donnees ensemble (ouverture - cloture).
TERRAVIVA,Terra Viva Grants - financements environnement,RSS,https://www.terravivagrants.org/feed/,International,Environnement et climat,Subvention,OUI,,"Verifie le 2026-08-31 : 10 items a jour (aout 2026), vrais appels a financement. Agriculture, climat, energie, biodiversite."
OPP-AFRICANS,Opportunities For Africans - bourses et programmes,RSS,https://www.opportunitiesforafricans.com/feed/,Afrique (multi-pays),Education et formation,Bourse,OUI,,"Verifie le 2026-08-31 : 10 items a jour. Bourses et fellowships destines a des PERSONNES, pas a des structures : type Bourse."
WB-TGO,Banque mondiale - avis de marches au Togo,JSON:worldbank.org,https://search.worldbank.org/api/v2/procnotices?format=json&rows=100&srt=noticedate&order=desc&project_ctry_name=Togo,Togo,,,OUI,,"Verifie le 2026-09-01 : 0 avis encore ouverts. Meme adaptateur que WB-BEN, filtre sur le pays. Le volume ouvert varie fortement d'un mois a l'autre."
WB-SEN,Banque mondiale - avis de marches au Senegal,JSON:worldbank.org,https://search.worldbank.org/api/v2/procnotices?format=json&rows=100&srt=noticedate&order=desc&project_ctry_name=Senegal,Senegal,,,OUI,,"Verifie le 2026-09-01 : 1 avis encore ouverts. Meme adaptateur que WB-BEN, filtre sur le pays. Le volume ouvert varie fortement d'un mois a l'autre."
WB-CIV,Banque mondiale - avis de marches au Cote d'Ivoire,JSON:worldbank.org,https://search.worldbank.org/api/v2/procnotices?format=json&rows=100&srt=noticedate&order=desc&project_ctry_name=Cote%20d%27Ivoire,Cote d'Ivoire,,,OUI,,"Verifie le 2026-09-01 : 2 avis encore ouverts. Meme adaptateur que WB-BEN, filtre sur le pays. Le volume ouvert varie fortement d'un mois a l'autre."
WB-BFA,Banque mondiale - avis de marches au Burkina Faso,JSON:worldbank.org,https://search.worldbank.org/api/v2/procnotices?format=json&rows=100&srt=noticedate&order=desc&project_ctry_name=Burkina%20Faso,Burkina Faso,,,OUI,,"Verifie le 2026-09-01 : 4 avis encore ouverts. Meme adaptateur que WB-BEN, filtre sur le pays. Le volume ouvert varie fortement d'un mois a l'autre."
WB-MLI,Banque mondiale - avis de marches au Mali,JSON:worldbank.org,https://search.worldbank.org/api/v2/procnotices?format=json&rows=100&srt=noticedate&order=desc&project_ctry_name=Mali,Mali,,,OUI,,"Verifie le 2026-09-01 : 0 avis encore ouverts. Meme adaptateur que WB-BEN, filtre sur le pays. Le volume ouvert varie fortement d'un mois a l'autre."
WB-NER,Banque mondiale - avis de marches au Niger,JSON:worldbank.org,https://search.worldbank.org/api/v2/procnotices?format=json&rows=100&srt=noticedate&order=desc&project_ctry_name=Niger,Niger,,,OUI,,"Verifie le 2026-09-01 : 15 avis encore ouverts. Meme adaptateur que WB-BEN, filtre sur le pays. Le volume ouvert varie fortement d'un mois a l'autre."
WB-GHA,Banque mondiale - avis de marches au Ghana,JSON:worldbank.org,https://search.worldbank.org/api/v2/procnotices?format=json&rows=100&srt=noticedate&order=desc&project_ctry_name=Ghana,Ghana,,,OUI,,"Verifie le 2026-09-01 : 6 avis encore ouverts. Meme adaptateur que WB-BEN, filtre sur le pays. Le volume ouvert varie fortement d'un mois a l'autre."
WB-NGA,Banque mondiale - avis de marches au Nigeria,JSON:worldbank.org,https://search.worldbank.org/api/v2/procnotices?format=json&rows=100&srt=noticedate&order=desc&project_ctry_name=Nigeria,Nigeria,,,OUI,,"Verifie le 2026-09-01 : 14 avis encore ouverts. Meme adaptateur que WB-BEN, filtre sur le pays. Le volume ouvert varie fortement d'un mois a l'autre."
WB-GIN,Banque mondiale - avis de marches au Guinee,JSON:worldbank.org,https://search.worldbank.org/api/v2/procnotices?format=json&rows=100&srt=noticedate&order=desc&project_ctry_name=Guinea,Guinee,,,OUI,,"Verifie le 2026-09-01 : 7 avis encore ouverts. Meme adaptateur que WB-BEN, filtre sur le pays. Le volume ouvert varie fortement d'un mois a l'autre."
WB-GNB,Banque mondiale - avis de marches au Guinee-Bissau,JSON:worldbank.org,https://search.worldbank.org/api/v2/procnotices?format=json&rows=100&srt=noticedate&order=desc&project_ctry_name=Guinea-Bissau,Guinee-Bissau,,,OUI,,"Verifie le 2026-09-01 : 1 avis encore ouverts. Meme adaptateur que WB-BEN, filtre sur le pays. Le volume ouvert varie fortement d'un mois a l'autre."
WB-CPV,Banque mondiale - avis de marches au Cap-Vert,JSON:worldbank.org,https://search.worldbank.org/api/v2/procnotices?format=json&rows=100&srt=noticedate&order=desc&project_ctry_name=Cabo%20Verde,Cap-Vert,,,OUI,,"Verifie le 2026-09-01 : 2 avis encore ouverts. Meme adaptateur que WB-BEN, filtre sur le pays. Le volume ouvert varie fortement d'un mois a l'autre."
WB-GMB,Banque mondiale - avis de marches au Gambie,JSON:worldbank.org,https://search.worldbank.org/api/v2/procnotices?format=json&rows=100&srt=noticedate&order=desc&project_ctry_name=Gambia%2C%20The,Gambie,,,OUI,,"Verifie le 2026-09-01 : 0 avis encore ouverts. Meme adaptateur que WB-BEN, filtre sur le pays. Le volume ouvert varie fortement d'un mois a l'autre."
WB-LBR,Banque mondiale - avis de marches au Liberia,JSON:worldbank.org,https://search.worldbank.org/api/v2/procnotices?format=json&rows=100&srt=noticedate&order=desc&project_ctry_name=Liberia,Liberia,,,OUI,,"Verifie le 2026-09-01 : 3 avis encore ouverts. Meme adaptateur que WB-BEN, filtre sur le pays. Le volume ouvert varie fortement d'un mois a l'autre."
WB-SLE,Banque mondiale - avis de marches au Sierra Leone,JSON:worldbank.org,https://search.worldbank.org/api/v2/procnotices?format=json&rows=100&srt=noticedate&order=desc&project_ctry_name=Sierra%20Leone,Sierra Leone,,,OUI,,"Verifie le 2026-09-01 : 5 avis encore ouverts. Meme adaptateur que WB-BEN, filtre sur le pays. Le volume ouvert varie fortement d'un mois a l'autre."
WB-MRT,Banque mondiale - avis de marches au Mauritanie,JSON:worldbank.org,https://search.worldbank.org/api/v2/procnotices?format=json&rows=100&srt=noticedate&order=desc&project_ctry_name=Mauritania,Mauritanie,,,NON,,"Verifie le 2026-09-01 : 1 avis encore ouverts. Meme adaptateur que WB-BEN, filtre sur le pays. Le volume ouvert varie fortement d'un mois a l'autre. Livree inactive : hors zone CEDEAO. Activez-la si vous prospectez ce marche."
WB-TCD,Banque mondiale - avis de marches au Tchad,JSON:worldbank.org,https://search.worldbank.org/api/v2/procnotices?format=json&rows=100&srt=noticedate&order=desc&project_ctry_name=Chad,Tchad,,,NON,,"Verifie le 2026-09-01 : 7 avis encore ouverts. Meme adaptateur que WB-BEN, filtre sur le pays. Le volume ouvert varie fortement d'un mois a l'autre. Livree inactive : hors zone CEDEAO. Activez-la si vous prospectez ce marche."
WB-CMR,Banque mondiale - avis de marches au Cameroun,JSON:worldbank.org,https://search.worldbank.org/api/v2/procnotices?format=json&rows=100&srt=noticedate&order=desc&project_ctry_name=Cameroon,Cameroun,,,NON,,"Verifie le 2026-09-01 : 0 avis encore ouverts. Meme adaptateur que WB-BEN, filtre sur le pays. Le volume ouvert varie fortement d'un mois a l'autre. Livree inactive : hors zone CEDEAO. Activez-la si vous prospectez ce marche."
OTF-GRANTS,Open Technology Fund - RFP et subventions tech,RSS,https://www.opentech.fund/feed,International,Numerique et technologie,Subvention,OUI,,"Verifie le 2026-09-01 : feed RSS actif avec RFP (Request for Proposals) et subventions tech. Thematiques : Internet freedom, censure numerique, securite. Flux fiable, mises a jour regulieres."
TEF-GRANTS,Tony Elumelu Foundation - programme entrepreneuriat,RSS,https://www.tonyelumelufoundation.org/feed,Afrique (multi-pays),Entrepreneuriat et PME,Subvention,NON,,"Verifie le 2026-09-02 par collecte reelle : 0 sur 10 items sont de vraies opportunites. Portraits d entrepreneurs, pas d appels. Le programme TEF s ouvre une fois par an et s annonce ailleurs. Flux d ACTUALITES : inactive pour ne pas diluer la veille. Le client peut la reactiver."
ADAPT-FUND,Fonds d'adaptation - subventions climat,RSS,https://www.adaptation-fund.org/feed,International,Environnement et climat,Subvention,NON,,Verifie le 2026-09-02 par collecte reelle : 0 sur 10 items sont de vraies opportunites. Recits de projets et lecons apprises. Flux d ACTUALITES : inactive pour ne pas diluer la veille. Le client peut la reactiver.
AFRILABS-NEWS,AfriLabs - actualites et partenariats,RSS,https://www.afrilabs.com/feed,Afrique (multi-pays),Numerique et technologie,,NON,,Verifie le 2026-09-02 par collecte reelle : 0 sur 10 items sont de vraies opportunites. Annonces de partenariats. Flux d ACTUALITES : inactive pour ne pas diluer la veille. Le client peut la reactiver.
PROPARCO-NEWS,Proparco - actualites investissements,RSS,https://www.proparco.fr/rss.xml,International,Finance,Investissement,NON,,"Verifie le 2026-09-02 par collecte reelle : 5 sur 10 items sont de vraies opportunites. Les 5 retenues sont des communiques contenant le mot financement, pas des appels : faux positifs. Flux d ACTUALITES : inactive pour ne pas diluer la veille. Le client peut la reactiver."
ACBF-NEWS,Fonds africain de capacitation - actualites,RSS,https://www.acbf-pact.org/news/feed,Afrique (multi-pays),Gouvernance et institutions,,NON,,Verifie le 2026-09-02 par collecte reelle : 0 sur 10 items sont de vraies opportunites. Communiques institutionnels. Flux d ACTUALITES : inactive pour ne pas diluer la veille. Le client peut la reactiver.
AU-NEWS,Union africaine - actualites officielles,RSS,https://www.au.int/rss.xml,Afrique (multi-pays),Gouvernance et institutions,,NON,,"Verifie le 2026-09-02 par collecte reelle : 1 sur 10 items sont de vraies opportunites. Communiques officiels, dont certains remontent a 2019. Flux d ACTUALITES : inactive pour ne pas diluer la veille. Le client peut la reactiver."
UNHABITAT-NEWS,ONU-Habitat - actualites et appels,RSS,https://www.unhabitat.org/rss.xml,International,Infrastructures et BTP,,NON,,Verifie le 2026-09-02 par collecte reelle : 0 sur 10 items sont de vraies opportunites. Actualites urbaines et formulaires d inscription a des evenements. Flux d ACTUALITES : inactive pour ne pas diluer la veille. Le client peut la reactiver.
ADB-NEWS,Banque asiatique de developpement - actualites,RSS,https://www.adb.org/rss.xml,Asie,Finance,Investissement,NON,,"Verifie le 2026-09-01 : feed RSS actif (114ko, 10 items). Actualites et opportunites. Hors zone CEDEAO : inactive par defaut."
WELLCOME-GRANTS,Wellcome Trust - programmes de financement recherche,HTML:wellcome.org,https://wellcome.org/research-funding/schemes,International,Sante,Subvention,OUI,,"Verifie le 2026-09-01 : 13 programmes de financement (Discovery Awards, Early-Career, Career Development, Springboard, etc.). JSON embarque dans la page avec statut, deadline, montant. 4 ouverts, 7 fermes, 2 any-time."
GC-GRANTS,Grand Challenges Gates Foundation - opportunites de financement,HTML:grandchallenges.org,https://www.grandchallenges.org/grant-opportunities,International,Sante,Subvention,OUI,,"Verifie le 2026-09-01 : JSON embarque dans __NEXT_DATA__ avec 3 defis actifs (Pathogen Sequencing, Micronutrient Status, Keystone Symposia). Dates UNIX, domaine, lien de candidature. Filtrage par date_end > maintenant."
J360-NEWS,J360 - actualites marches publics et achats publics,RSS,https://www.j360.info/en/news/rss/,International,Gouvernance et institutions,Actualites,NON,,"Verifie le 2026-09-02 par collecte reelle : 37 sur 55 items sont de vraies opportunites. Blog editorial sur les marches publics, archives depuis 2016. Les 37 retenues parlent DE marches publics, elles n en sont pas. Flux d ACTUALITES : inactive pour ne pas diluer la veille. Le client peut la reactiver."
UNICEF-SUPPLY,UNICEF Supply Division - tender calendars,HTML:unicef.org/supply,https://www.unicef.org/supply/tender-calendars,International,Sante,Appel d'offres,OUI,,"Verifie le 2026-09-01 : page principale avec 4 PDFs (Education, Medical Devices, Medicines, Nutrition) et 3 sous-pages HTML (SIE, Vaccines, WASH). 10 entrees extraites. Calendriers indicative, dates a verifier sur chaque sous-page."
FUNDPILOTE-API,Fundpilote - subventions et appels a projets (agregateur),JSON:fundpilote.com,https://fundpilote.com/api/v1/opportunities/,International,,Subvention,OUI,,"Verifie le 2026-09-02 : API publique SANS authentification (200, count=283, 20 par page). 15 ouvertes sur 20 en page 1, aucune expiree. AGREGATEUR : reindexe 227 bailleurs, a traiter comme une piste, pas comme une source primaire. La reponse anonyme ne porte NI application_url NI source_url : le lien est bati depuis l id (/opportunities/<id>)."
EU-PORTAL,Commission europeenne - appels a propositions et marches,JSON:ec.europa.eu,https://api.tech.ec.europa.eu/search-api/prod/rest/search?apiKey=SEDIA&text=***&pageSize=100&pageNumber=1,International,,Appel a projets,OUI,,"Verifie le 2026-09-02 : 2314 appels ouverts ou a venir, 92 retenus par page, TOUS a echeance future. Inclut EuropeAid (type 2), la cooperation au developpement ou le Benin est pleinement eligible. POST multipart avec type de contenu declare PAR PARTIE : toute autre forme rend 200 en IGNORANT le filtre. Tri decroissant car un appel en deux etapes porte plusieurs echeances et le tri croissant retient la plus ancienne."
GRANTS-GOV,Grants.gov - subventions federales americaines,JSON:grants.gov,https://api.grants.gov/v1/api/search2,International,,Subvention,OUI,,"Verifie le 2026-09-02 : 1034 subventions ouvertes, 100 par page, 82 datees a echeance future. 31 mentionnent l Afrique, dont U.S.-Africa Strategic Investment Program. RESERVE A DIRE AU CLIENT : la plupart des subventions federales exigent un enregistrement SAM.gov d entite americaine. Certaines - Departement d Etat, USAID - acceptent les organisations etrangeres, mais l eligibilite se verifie avis par avis."
GIZ-VERGABE,GIZ - marches de la cooperation allemande,HTML:giz.de,https://ausschreibungen.giz.de/Satellite/company/welcome.do?method=showTable&fromSearch=1&selectedTablePagePROJECT_RESULT={page},International,,Appel d'offres,OUI,,"Verifie le 2026-09-02 : 224 avis sur 12 pages, sans authentification. 91 sont ouverts et dates ; les 133 autres sont des marches deja attribues (Vergebener Auftrag) ou des avenants, ecartes par l'analyseur - meme decision que pour les Contract Award de la Banque mondiale. 16 avis nomment un pays africain, dont 6 en Afrique de l'Ouest (Burkina, Senegal, Ghana, Nigeria), certains rediges en francais. Source PAGINEE : le {page} de l'URL est remplace page apres page jusqu'a MAX_ITEMS_PER_SOURCE. Page servie en ISO-8859-1, decodee d'apres l'en-tete. Les dates sont en JJ.MM.AAAA et converties a la main : 02.09.2026 lu par new Date() vaut le 9 fevrier."
NE-MARCHES,Niger Marches - appels d offres,JSON:nigermarches.com,"https://www.nigermarches.com/wp-json/wp/v2/appel_d_offre?per_page=100&page={page}&_fields=id,link,title,date,acf",Niger,,Appel d'offres,OUI,,"Verifie le 2026-09-02 : 668 avis, API WordPress publique sans authentification, 20 sur 20 avec une date d'expiration. Les champs ACF donnent l'echeance (date_expiration) et l'acheteur reel (nom_de_la_societe) : NDE, AMF-UMOA, Medecins Sans Frontieres, GIZ Niger. On lit l'API et non la page : la page est construite par Elementor et ses classes changent a chaque theme. Le _fields de l'URL divise le volume par vingt - ne pas le retirer. Source PAGINEE."
EF-OFFRES,Expertise France - consultations et expertises,HTML:expertise-france.gestmax.fr,https://expertise-france.gestmax.fr/search/index/page/{page},International,,Appel d'offres,OUI,,"Verifie le 2026-09-04 : 144 offres, dix par page, quinze pages, rendues cote serveur. Rare par sa richesse : chaque carte porte le PAYS de l'annonce, le secteur declare et une vraie date limite de candidature. L'agence francaise publie ici ses consultations autant que ses postes - le ""Recrutement d'une agence de communication, Benin"" est un marche. Les contrats CDD/CDDU/CDI/stage sont ranges en Recrutement ; ""Contrat de prestation de services"" n'est PAS traduit, il recouvre l'expert individuel comme l'agence. Source PAGINEE."
AFD-DGMARKET,AFD - avis de marches sur dgMarket,MANUAL,https://afd.dgmarket.com/tenders/brandedNoticeList.do,International,,Appel d'offres,NON,,"Verifie le 2026-09-04 : la liste EXISTE et est riche - pays, titre, date de publication et date limite par avis, rendus cote serveur. Mais le portail impose une poignee de main de session : il pose digi_session_id=UNASSIGNED puis renvoie vers web3-login.dgmarket.com pour l'echanger, sur un second domaine. Une requete simple, meme avec les cookies de la premiere, repond 302. Simuler cette ouverture de session reviendrait a rejouer un login : le produit ne se bat pas contre les sites qui en exigent un. Et les dossiers d'appel d'offres eux-memes demandent une adhesion dgMarket. Consultable a la main, gratuitement : voir le guide AFD joint au catalogue. Livree MANUAL et inactive."
PLAN-TENDERS,Plan International - appels d offres,HTML:plan-international.org,https://plan-international.org/calls-tender/,International,,Appel d'offres,OUI,,"Verifie le 2026-09-04 : 8 appels actifs, tous dates ET tous avec leur dossier telechargeable - la premiere source qui remplit la colonne PDF. Un appel beninois en cours (006/Plan Int'l BEN/CO/CD/Aout 2026). Pas de page par appel : les huit vivent sur la meme, le lien mene donc a la liste et c'est le dossier qui est propre a chacun. Echeances en prose anglaise (no later than Friday, 28th August 2026) : la tournure et le rang ordinal ont ete ajoutes a extractDeadline le meme jour."
JOBRELAIS,JobRelais - appels d offres (Benin),HTML:jobrelais.com,https://www.jobrelais.com/opportunities/call-for-tenders,Benin,,Appel d'offres,OUI,,"Verifie le 2026-09-04 : 12 avis par page, 27 pages, de vrais avis ouest-africains (BCEAO, GIZ, Plan International Benin, LuxDev, Amnesty). PREMIERE SOURCE LUE EN DEUX TEMPS : sa liste ne porte aucune echeance - pour toute date, 'il y a 3 mois' - mais chaque fiche porte un JSON-LD propre avec validThrough. Le moteur lit donc la liste, puis les fiches manquantes, dans la limite de MAX_FICHES_PAR_PASSAGE. Une annonce qu'on n'a pas pu dater n'entre pas : pour cette source, sans date veut dire fiche non lue, pas avis sans echeance. AGREGATEUR : GIZ, Plan International et la BCEAO sont aussi collectes a la source."
UNGM-CEDEAO,UNGM - marches des agences de l'ONU (CEDEAO),HTML:ungm.org,https://www.ungm.org/Public/Notice/Search,Afrique de l'Ouest,,Appel d'offres,NON,,"Verifie le 2026-09-04 : 15 avis par page, au moins 15 pages, TOUS dates, filtres sur les quinze pays de la CEDEAO. Les acheteurs sont les agences elles-memes - FAO, UNICEF, IOM, ILO, UNDP, UNFPA, UNHCR, UNOPS, WFP, WHO, UNIDO, Secretariat de l'ONU : neuf ne sont couverts par aucune autre source du registre. PREMIERE SOURCE HTML SERVIE PAR UN POST : la page /Public/Notice ne rend aucun avis, la liste arrive d'un POST sur /Public/Notice/Search qui repond par des rangees HTML, et la pagination se fait par PageIndex dans le corps (PageSize plafonne a 15 par le serveur). LIVREE INACTIVE POUR UNE SEULE RAISON, MESUREE : UNGM repond 403 des que l'agent utilisateur porte le suffixe TenderPilot/1.0, et 200 a la meme chaine sans ce suffixe. Ce n'est ni Cloudflare ni un defi - un filtre IIS sur la chaine d'agent. Retirer le suffixe reviendrait a ne plus s'identifier : c'est une decision du proprietaire du produit, pas un choix technique, et elle n'a pas ete prise. L'analyseur et la forme de requete sont ecrits, testes sur fixture des deux cotes, et n'attendent qu'un OUI."
